paper_id,title,authors,year,core_method,project_relevance,used_in_experiment,inspired_design
1,"A Bayesian Approach to Filtering Junk E-Mail","Sahami; Dumais; Heckerman; Horvitz",1998,"Naive Bayes spam filtering","Theoretical baseline for probabilistic text filtering","Naive Bayes baseline and feature comparison","Inspired the classical word n-gram + NB baseline"
2,"Support Vector Machines for Spam Categorization","Drucker; Wu; Vapnik",1999,"SVM text categorization","Margin-based baseline for spam classification","Linear SVM baseline and calibration","Inspired linear classifier baseline with calibrated outputs"
3,"An Experimental Comparison of Naive Bayesian and Keyword-Based Anti-Spam Filtering with Personal E-mail Messages","Androutsopoulos; Koutsias; Chandrinos; Paliouras; Spyropoulos",2000,"Early anti-spam experimental comparison","Early empirical comparison for this project","Related work and experimental discussion","Inspired comparative evaluation mindset"
4,"Spam Filtering with Naive Bayes - Which Naive Bayes?","Metsis; Androutsopoulos; Paliouras",2006,"NB variant comparison","Clarifies NB variants and assumptions","Baseline discussion and error analysis","Inspired careful NB baseline selection"
5,"A Review of Machine Learning Approaches to Spam Filtering","Guzella; Caminhas",2009,"Survey of spam filtering methods","Provides related work overview","Related work chapter","Inspired taxonomy of classical vs modern methods"
6,"Probabilistic Outputs for Support Vector Machines and Comparisons to Regularized Likelihood Methods","Platt",1999,"Platt scaling for SVM probabilities","Core calibration theory","SVM calibration experiment","Inspired probability calibration pipeline"
7,"Predicting Good Probabilities with Supervised Learning","Niculescu-Mizil; Caruana",2005,"Probability calibration evaluation","Calibration metrics and reliability analysis","Calibration analysis","Inspired Brier score, reliability diagram, ECE"
8,"On Calibration of Modern Neural Networks","Guo et al.",2017,"Modern model calibration and temperature scaling","Calibration for deep models","BERT calibration experiment","Inspired temperature scaling for BERT"
9,"BERT: Pre-training of Deep Bidirectional Transformers for Language Understanding","Devlin et al.",2019,"Transformer pretraining and fine-tuning","Modern deep text baseline","BERT/DistilBERT baseline","Inspired modern deep learning baseline"
